{
  "feature_mean": [
    1526.960205078125,
    1624.1868896484375,
    3212.023681640625,
    0.09586163610219955,
    0.16750000417232513,
    121.52967834472656
  ],
  "feature_std": [
    500.5752868652344,
    402.73321533203125,
    1140.59521484375,
    0.039089664816856384,
    0.08182592689990997,
    20.931129455566406
  ],
  "feature_names": [
    "spectral_centroid",
    "spectral_bandwidth",
    "spectral_rolloff",
    "zero_crossing_rate",
    "rms_energy",
    "tempo"
  ]
}