{
  "feature_mean": [
    1551.0128173828125,
    1645.3797607421875,
    3270.275634765625,
    0.09705805778503418,
    0.17047372460365295,
    121.60142517089844
  ],
  "feature_std": [
    496.30645751953125,
    391.9203796386719,
    1125.5379638671875,
    0.039320897310972214,
    0.08322988450527191,
    20.62253761291504
  ],
  "feature_names": [
    "spectral_centroid",
    "spectral_bandwidth",
    "spectral_rolloff",
    "zero_crossing_rate",
    "rms_energy",
    "tempo"
  ]
}